<?xml version="1.0" encoding="UTF-8"?>
<beans xmlns="http://www.springframework.org/schema/beans"
	xmlns:xsi="http://www.w3.org/2001/XMLSchema-instance"
	xmlns:p="http://www.springframework.org/schema/p"
	xmlns:mvc="http://www.springframework.org/schema/mvc"
	xmlns:context="http://www.springframework.org/schema/context"
    xmlns:tx="http://www.springframework.org/schema/tx"
	xsi:schemaLocation="
					http://www.springframework.org/schema/beans 
							http://www.springframework.org/schema/beans/spring-beans.xsd
					http://www.springframework.org/schema/context
							http://www.springframework.org/schema/context/spring-context.xsd
                    http://www.springframework.org/schema/tx
                          	http://www.springframework.org/schema/tx/spring-tx-3.2.xsd
                    http://www.springframework.org/schema/mvc
        					http://www.springframework.org/schema/mvc/spring-mvc-3.2.xsd">
    <context:annotation-config />
    <context:spring-configured />
    <context:component-scan base-package="es.cic.curso.curso12.ejercicio023"/>

    <tx:annotation-driven mode="proxy" transaction-manager="transactionManager"/>
 	     
    <bean id="transactionManager" class="org.springframework.orm.jpa.JpaTransactionManager">
        <property name="entityManagerFactory" ref="entityManagerFactory" />
    </bean>

	<bean id="dataSource" class="org.apache.commons.dbcp.BasicDataSource">
		<property name="driverClassName" value="org.hsqldb.jdbcDriver"/> 
		<property name="url" value="jdbc:hsqldb:mem:curso07"/>
        <property name="username" value="sa"/>
        <property name="password" value=""/>
        <property name="initialSize" value="5"/>
        <property name="maxActive" value="10"/>
        <property name="poolPreparedStatements" value="true"/>
        <property name="maxOpenPreparedStatements" value="10"/>
	</bean>
	
	<bean id="liquibase" class="liquibase.integration.spring.SpringLiquibase">
		<property name="dataSource" ref="dataSource"/>
		<property name="changeLog" value="classpath:/es/cic/curso/curso12/ejercicio023/repositorio/changelog.xml"/>
	</bean>

    <bean id="entityManagerFactory" class="org.springframework.orm.jpa.LocalContainerEntityManagerFactoryBean" 
    	p:dataSource-ref="dataSource">
    	<property name="persistenceUnitName" value="persistenceUnitHSQL"/>
    	
    	<property name="jpaVendorAdapter" ref="jpaVendorAdapter"/>
    	<property name="jpaDialect">
        	<bean class="org.springframework.orm.jpa.vendor.HibernateJpaDialect"/>
    	</property>
    </bean>

    <bean id="jpaVendorAdapter" class="org.springframework.orm.jpa.vendor.HibernateJpaVendorAdapter">
    </bean>

    <bean class="org.springframework.orm.jpa.support.PersistenceAnnotationBeanPostProcessor"/>
    <bean class="org.springframework.beans.factory.annotation.RequiredAnnotationBeanPostProcessor"/> 	
</beans>