<?xml version="1.0" encoding="UTF-8" standalone="no"?>
<databaseChangeLog xmlns="http://www.liquibase.org/xml/ns/dbchangelog" 
					xmlns:xsi="http://www.w3.org/2001/XMLSchema-instance" 
					xsi:schemaLocation="http://www.liquibase.org/xml/ns/dbchangelog 
					http://www.liquibase.org/xml/ns/dbchangelog/dbchangelog-3.0.xsd">
    <changeSet author="usuario (generated)" id="1400847488681-1">
    
        <createTable catalogName="curso12" tableName="PELICULA">
            <column autoIncrement="true" name="id" type="INT(10)">
                <constraints primaryKey="true"/>
            </column>
            <column name="titulo" type="VARCHAR(100)"/>
            <column name="director" type="VARCHAR(100)"/>
            <column name="productora" type="VARCHAR(100)"/>
            <column name="interprete" type="VARCHAR(100)"/>
            <column name="genero" type="VARCHAR(100)"/>
            <column name="duracion" type="INT(10)"/>
            <column name="year" type="INT(10)"/>
        </createTable>
        
    </changeSet>
</databaseChangeLog>
